{
  "train_loss": 0.8756203772788165,
  "validation_loss": 1.4334294299541883,
  "test_loss": 1.540030409055404,
  "wandb_run": ""
}